id,Country,Postal Code,Credit Card Type
Mazda,MPV,1998,JHMGE8G24AS283531
Kia,Sedona,2002,JTDKDTB36F1481381
Porsche,Panamera,2012,5J8TB18279A927590
Mazda,MPV,1992,1G6YV34A055158621
Subaru,Loyale,1992,5LMJJ3J54DE815655
GMC,Yukon,2004,4JGCB2FE1CA110829
Subaru,Legacy,2002,WBAXA5C50ED517229
Suzuki,SJ,1989,KMHD35LH3FU011403
Pontiac,LeMans,1964,2T1KE4EE9AC330426
Isuzu,Rodeo,2004,JTDZN3EU3FJ255900
Dodge,Charger,1999,JTEBU5JR0E5534662
Buick,Electra,1990,3D7TT2CT6AG532037
Mitsubishi,Galant,1996,SALSF2D48AA470118
GMC,Savana 3500,2011,4A31K3DT7AE975097
Bentley,Continental Flying Spur,2007,4JGDF2EE9FA605827
Volvo,XC60,2012,1FMJK1G58AE409253
Mercedes-Benz,S-Class,1998,2HNYD2H60DH102468
Eagle,Talon,1992,1FA6P0G7XE5664735
Cadillac,SRX,2012,3D4PH9FG0BT850820
Volkswagen,Jetta,2000,WA1YD54B93N496465
Spyker,C8,2005,1GD322CG0EF953500
Maserati,Quattroporte,2005,1FMJK1G50DE980580
Mazda,B-Series,2006,WAUEF98E87A429722
Pontiac,Grand Prix,1974,WBANA53565C668380
Mazda,B2600,1987,JH4DC44691S320145
Mercury,Villager,2001,TRUVD38J491052074
Ford,E250,2005,3GTU1YEJ2BG565587
Mazda,Millenia,1996,19XFB4F21EE259034
Ford,E250,2003,2G4GU5GX3E9994297
Rolls-Royce,Phantom,2009,2HNYD18292H824428
Chevrolet,S10 Blazer,1994,WAULD64B53N248233
Chrysler,300M,2002,1G6DC8EY4B0737682
Nissan,Sentra,2000,5GAKRAKD1FJ168867
Land Rover,LR4,2011,1GYS4LKJ4FR189545
Chevrolet,Corvette,1994,KNADN5A38F6507479
Mazda,MPV,2003,WD3PE7DC9F5770720
Porsche,Cayenne,2009,KM8JT3AB4DU674028
Subaru,Forester,2002,SAJWA0FS3FP335836
Land Rover,Range Rover,1986,1G6DA8E51C0161241
Nissan,Xterra,2012,1G6KP5ES4BU799520
Mitsubishi,Mirage,1985,WAUKF78P69A619272
Mercedes-Benz,500E,1993,1GD11ZCGXDF972850
Toyota,Tacoma Xtra,1995,WBAKB0C55BC452065
Pontiac,Parisienne,1985,JM1NC2JF1F0808832
Mazda,Miata MX-5,2001,WBALW3C53DC806081
Ford,E-Series,1986,YV4940BL5D1149875
Chrysler,LHS,1994,1C4RJEAG8DC597691
Subaru,Forester,2002,WBA3B1C52FP714603
Dodge,Ram Van 3500,2002,WAUMR44E86N579767
Isuzu,Hombre,1999,JN8AS5MT6BW326308
Mitsubishi,Endeavor,2006,JN1CV6EKXEM784377
GMC,Sierra 2500,2006,2C3CCABGXFH330497
Land Rover,Range Rover,2007,3D7TP2HT6AG038189
Lincoln,Mark VIII,1996,5TDDK3DC9DS009400
Kia,Rio,2011,WP0CA2A88AS188427
Mercedes-Benz,M-Class,2001,WDDGF4HB5CA847742
Infiniti,QX,2008,WA1BY74L59D801148
Toyota,Sienna,2010,WBABS534X3E295434
Chevrolet,Silverado 3500,2004,2C3CCAJG2EH812896
Volkswagen,GTI,2007,1GYUCBEF6AR367512
Porsche,914,1970,WAUFFBFL4CA255803
Oldsmobile,Silhouette,1994,WAUML64B94N953724
Buick,Skylark,1986,WBAKF5C53DE824768
Ford,Flex,2012,JH4KB16348C218459
Honda,Odyssey,2010,KMHEC4A49FA062162
Plymouth,Neon,1996,1B3CB1HA2BD813167
Chrysler,Town & Country,2010,1D7CE3GK2AS591807
Hyundai,Entourage,2007,WAUHGBFC1DN842606
Saab,900,1999,2C3CDZBT5FH109592
Chrysler,300,2011,WAUMFBFL7BN209879
Ford,Courier,1987,WAUKFAFL0CA006231
Acura,TL,1997,WAUAFAFH5AN108802
GMC,Savana 1500,2005,W04G15GV4B1021743
Ford,Club Wagon,1994,WAUAFAFL4CA741225
Maserati,Quattroporte,1984,WAULT58E13A925125
Mercedes-Benz,CL-Class,2006,JTHBE5C26D5456581
Dodge,Neon,2000,WA1WMAFE8DD711235
Lincoln,Continental,1986,3CZRE3H51BG687914
BMW,525,2002,3VW4A7AT7DM858940
Acura,Integra,1997,5TFBW5F18DX466051
Isuzu,Rodeo Sport,2003,JM3TB2MA6A0954704
Geo,Metro,1996,5TDBY5G1XDS340739
Toyota,Sienna,2000,1GD11ZCG5BF101741
Kia,Sorento,2009,1G6KD57Y19U776670
Cadillac,Catera,1998,1G6DM57TX60140992
GMC,Sierra 1500,2011,WP0AA2A90ES941633
Nissan,Murano,2010,WBA3N3C53FK455166
Nissan,Maxima,2003,1C3CCBHG4CN134233
Volvo,960,1995,1C4RDJAG5FC468343
Acura,RSX,2006,1G6DG8EY7B0432603
Nissan,Maxima,2011,JN1CV6FE7AM363350
Dodge,Stratus,2005,JTHBL5EF3E5341833
Mitsubishi,Galant,1995,WBANW13528C422666
Ford,E250,1984,WP1AA2A23DL402267
Saturn,Relay,2006,1FBNE3BL1CD835278
Ford,Mustang,2013,1FA6P8AM1F5066354
Land Rover,Defender,1994,SCFFDABM8EG012983
Lexus,GS,2010,JH4DC54843S013685
Lincoln,LS,2003,1D7CW3GK2AS822086
Dodge,Charger,2011,1YVHZ8BH5A5398072
Volkswagen,Fox,1992,1GYS3AKJ6FR615484
Ford,Edge,2011,WBAYA6C54FD219682
Buick,Hearse,1996,WBA3D3C57FK235113
Mitsubishi,Expo,1994,1G6AA1RX2F0150288
Pontiac,Grand Prix,1968,5UXFG2C51DL453636
Ford,F-Series,2004,2T1BU4EE9CC132922
Acura,TSX,2008,1G6AK5S35F0790183
Mazda,B-Series,1997,WAU3GAFC8DN961872
Chevrolet,Tahoe,2001,3D73M3CL3AG349066
Chevrolet,Express 2500,2000,JH4DC54846S325171
Hyundai,Accent,2012,5GAKRBKD2FJ875594
Ford,E150,2004,WA1CV74L77D745112
Infiniti,I,1997,3D73M3CLXAG699455
GMC,3500 Club Coupe,1994,WAUJC68E32A751621
Ford,Escort,1986,3VW4T7AT8EM583445
Volkswagen,Jetta,2003,WBAPH73549A504336
Mazda,Mazda3,2008,3C3CFFDR9DT261146
Infiniti,G,2003,WDDGF4HBXER411490
Ford,Econoline E150,2002,WAUGN74F79N982128
BMW,525,2001,1N4AA5AP9BC309113
Pontiac,Sunbird,1987,3VW4T7AT4EM065588
Hummer,H2,2006,KMHHT6KD3DU566385
Jaguar,XJ Series,2000,19VDE1F70DE065949
Lexus,ES,1990,1N6AF0KY3EN005979
Audi,A6,1997,1G6AE5S3XD0408380
Mazda,Miata MX-5,2000,1C4RDJDG1FC531529
Cadillac,STS,2005,1FTSW2B5XAE189382
Toyota,Camry,1999,WBAAV53491J560559
Volkswagen,Eurovan,1994,KL4CJBSB7EB548362
Dodge,Durango,1999,1D4RE2GG4BC979291
Hyundai,Sonata,2002,5J6TF1H53EL715775
Suzuki,Swift,1992,KMHGC4DD7EU096554
Honda,Accord,2001,WBAEN33433P311714
Audi,S5,2012,WAUKF98E55A807639
Rolls-Royce,Phantom,2011,3VW4A7AT4DM142304
Chrysler,Sebring,2006,3C4PDDDG5FT818983
Mercedes-Benz,S-Class,2001,WBA3B9C58EF217770
Mazda,Millenia,1997,1G6DF8E54C0097410
Audi,Coupe GT,1985,WA1BY74L79D405755
Audi,R8,2012,WVGFF9BP0BD688015
Mazda,B-Series Plus,2000,SALVP2BG3FH367209
Ford,Expedition EL,2008,2C3CDXJG3CH347560
Mitsubishi,Truck,1987,JN8AE2KP8C9229199
Lexus,IS,2005,WBA3V5C51EP021941
Nissan,Maxima,2006,1FMJU1H58AE407608
Mitsubishi,Montero,1994,WBAPH57589N925872
Lexus,ES,2006,3D73M4HL5AG132049
Porsche,Cayman,2011,WBAYA6C5XFD745976
Hyundai,Azera,2007,2T1KE4EE5AC801682
Jaguar,XK Series,2005,1GD02ZCG7DZ464746
Audi,TT,2011,2G4GT5GR9D9146461
Acura,Vigor,1993,JN1AZ4EH2CM338452
Chrysler,Prowler,2001,JTHBB1BAXA2928983
Mercury,Sable,1996,JTHBF5C25D5356386
BMW,545,2005,WAUBFAFL6FA172175
Land Rover,Defender 110,1993,WBANF33597C184275
Mazda,RX-8,2006,1FTMF1CW2AK052349
Hyundai,Veloster,2012,SCFEBBDL0EG176367
Chrysler,Voyager,2003,WDDNG7BB1AA492080
Dodge,Durango,2002,WBAYP1C56ED865452
Nissan,Maxima,2004,SCFEDCAD7BG687230
Dodge,Ram 3500,1995,5GAKRCKD8FJ907213
Mercedes-Benz,S-Class,2010,WAULC58E35A723275
Maserati,GranTurismo,2011,5N1AN0NU9CC943388
Mercury,Sable,1992,3D7TP2CT5BG434011
Lincoln,MKX,2008,1FTSF3B53AE932177
Chevrolet,Suburban 1500,2009,5UXZV4C56BL218385
Mazda,B-Series Plus,1995,WAURVAFA1AN429650
Bentley,Continental GT,2008,1G6DS1ED8B0588958
Volvo,C70,1999,2C3CDXEJ7CH107319
Lexus,RX,2006,WAUWG94F09N211043
Geo,Tracker,1993,5N1AT2MK9FC736800
Volkswagen,Cabriolet,1990,KMHDB8AE2AU515642
Audi,90,1990,2HNYD2H27CH886899
Volvo,V90,1997,WAUEF48H08K527264
Dodge,Avenger,1996,1N6AD0CU5FN907410
Toyota,Corolla,1992,WBAEU33422K998991
Hyundai,Tucson,2005,4T1BK1EB0FU500451
Infiniti,QX,2010,WBANA53525C396099
Suzuki,Grand Vitara,2009,WA1LMAFE6CD237478
Lincoln,Continental,1991,5N1AZ2MH5FN022654
Mercedes-Benz,CLS-Class,2010,3D7TT2CT5BG138756
Chevrolet,Bel Air,1967,JH4CU2F41EC726722
Daewoo,Leganza,2001,KNDMA5C13F6644095
Dodge,Intrepid,1997,1GD020CG1CF094048
Mitsubishi,Mirage,1998,JTHFE2C27A2579948
Mercury,Mountaineer,1998,TRUWT28N931314022
Mercedes-Benz,S-Class,2012,5NPEB4AC8CH336776
Toyota,Tacoma Xtra,2003,1N6AD0CW3EN691489
Audi,A8,2012,YV1672MK8D2189417
Lamborghini,Diablo,1996,JTDKTUD36DD008579
Toyota,Ipsum,2000,1G6DM1E36D0043801
Chrysler,Town & Country,2005,SCBFU7ZA4FC956532
Toyota,Celica,1992,JH4DC54846S752169
Hyundai,Santa Fe,2001,JTDKN3DP5F3587578
Buick,Park Avenue,2002,5NPE24AFXFH159209
Volkswagen,Routan,2011,KNAFT4A28B5399249
Chevrolet,Camaro,1996,2FMGK5B86EB252889
Audi,A6,2008,WAUFGAFC4DN051326
Dodge,Magnum,2008,JTEBU5JR9F5546729
Dodge,D350,1992,WVGAV7AX0FW222551
Mitsubishi,Outlander,2009,3GYFNGE34ES950752
Maybach,62,2005,3C3CFFBR3ET783937
Saturn,L-Series,2002,YV126MFB5F2604044
Honda,Accord,2001,1G6DW67V080435121
Lincoln,Town Car,1997,1G4GF5E32DF417499
Lexus,IS,2002,2T1BURHE0FC003688
Volkswagen,Tiguan,2009,WAUDH94F06N575866
Isuzu,Oasis,1997,WBAPH7C51AA157732
Acura,RL,2009,1D7RB1GTXBS250415
Subaru,SVX,1995,YV126MFBXF1901347
Mercedes-Benz,SLS-Class,2011,1FMCU0C74AK240211
Lexus,SC,2003,2G4GV5EV7B9010417
BMW,M3,2004,2C3CDZFJ7FH988151
Lincoln,Navigator,2006,5N1AA0ND0EN865683
Suzuki,Swift,1989,JM1NC2EF7A0759896
Toyota,Venza,2009,JTDKDTB39E1619249
BMW,M3,1998,1HGCR2E72EA225169
Chrysler,Town & Country,1999,JM3KE2BE3F0653615
Subaru,Outback,2010,JTHBK1GG7D1486722
Volvo,C70,2010,WBAUP7C51AV930987
Volvo,V40,2002,2G61V5S86F9722502
Pontiac,Aztek,2005,1N4AA5AP2CC298196
Audi,A8,2007,WAU2MAFC5EN424155
Toyota,Matrix,2004,5J6TF1H59EL933297
Mercedes-Benz,M-Class,2012,WDDHF5KB3FB350058
Dodge,Dakota Club,2006,KNADM4A35D6930613
Jaguar,XK,2009,WBAKN9C57ED178913
Jeep,Wrangler,2012,4JGCB2FE4BA464214
Land Rover,Range Rover,1988,WBSPM93589E434884
Mercury,Capri,1992,1VWAP7A32EC954947
Chrysler,Crossfire Roadster,2006,3D4PH5FV8AT076600
Oldsmobile,98,1995,2T1BU4EE8DC815812
Mercedes-Benz,300SD,1992,3C63D3HL1CG936590
BMW,5 Series,2010,WBAKG1C5XDJ724776
Dodge,Dakota Club,1998,WAU3VAFR1AA232903
Pontiac,Grand Am,1999,1FBNE3BL4BD045648
Acura,TL,2003,1FTWX3B56AE374906
Nissan,Maxima,1996,KNAGM4A72B5315116
Mercedes-Benz,SL65 AMG,2006,WAUPEAFMXBA082765
GMC,Yukon,1995,4T1BD1FK0DU886746
Mitsubishi,Eclipse,1989,WAULD54BX2N075852
Mazda,MX-5,1994,KMHHT6KD0AU209645
Mercedes-Benz,E-Class,1997,5N1BA0NE2FN682154
Hyundai,Elantra,2002,SAJWA6AT7F8430476
Buick,Enclave,2012,19XFA1E85BE753514
Toyota,Sienna,2009,3FA6P0D97DR020319
Acura,TL,2011,1GYS3PKJ1FR828815
Dodge,Ram 2500,2009,WBAEH73434B389777
Ford,Courier,1989,WAURD68D31A230386
Honda,Odyssey,2005,1G6DL1E35C0844771
Oldsmobile,Bravada,1992,WA1AY74L29D366097
Honda,Civic Si,2005,KNDJT2A5XC7105724
Audi,A4,2007,WAUDFAFL9BN721816
BMW,325,2004,1GKUKFDJ7AR605118
Pontiac,6000,1983,SCFFDCCD2CG970024
Mercedes-Benz,SLS AMG,2011,KNADM4A34D6894607
Renault,Alliance,1983,3N1BC1CP6CK803880
Jaguar,XF,2012,JTHBE1BL6F1694024
Infiniti,J,1995,1G6DS1E39C0076571
Lexus,ES,2002,WVWBB7AJ9DW761163
GMC,Suburban 1500,1996,5GADT13S442896732
Ford,Ranger,1997,WBA8Z5C53FD403479
Infiniti,G,2002,JN1BY1AP3EM302887
Volkswagen,R32,2004,1GYFC23299R984987
Ford,Ranger,2002,1G6DK5E36D0280611
BMW,530,2005,3GYFNAEY1BS074033
Acura,Integra,1993,JHMZE2H50DS806871
Mitsubishi,Endeavor,2008,3GYEK62887G585223
Lexus,GX,2010,1GTC5MF99B8006119
Chevrolet,K5 Blazer,1995,5J6TF1H38BL672643
Suzuki,Sidekick,1994,WBAUP9C54AV934947
Chrysler,300,1999,JTHBC1KS2B5081317
Chrysler,PT Cruiser,2004,1FMCU4K30CK985675
GMC,Savana 2500,2003,WBAVB13536P062227
Toyota,Matrix,2011,WDDPK4HA3DF036870
Mitsubishi,Truck,1990,4T1BF1FK0EU331114
Mitsubishi,Pajero,1990,3D73M3CL8AG607341
Lamborghini,Murciélago LP640,2008,1N6BF0KM9FN839774
Volvo,XC90,2005,KMHHT6KD8AU339690
Dodge,Ram 1500,2009,WUADUAFG8EN675933
Kia,Sportage,2010,YV4852CT3B1310093
Dodge,Ram 1500,1999,WAUEG98E26A841615
Bentley,Continental,2006,SALCP2BG3FH361935
Isuzu,Hombre,1997,WBAUU3C55CA536341
Honda,Prelude,1993,WAUMGBFL5AA748889
Chevrolet,Sportvan G30,1995,JTDBT4K37B1832866
Chevrolet,G-Series 1500,1998,WAUEL74F56N303241
Chevrolet,Suburban 2500,1992,WUATNAFG7CN949998
Mercedes-Benz,S-Class,2002,WUADU98E38N151815
Scion,tC,2011,WA1BV94L17D468688
Suzuki,Equator,2012,1ZVBP8AM2D5984214
GMC,Yukon,2005,KMHCM3AC8AU818478
Volvo,C70,2013,JH4CW2H63EC840102
Ferrari,612 Scaglietti,2007,WBA3B5G56EN060135
Ford,Contour,1999,KNAFT4A22A5406694
Chevrolet,Classic,2005,3C3CFFERXCT981472
Toyota,Land Cruiser,2008,JH4DC53006S873793
Ford,Contour,1997,1GYS4HKJ8FR703278
Volkswagen,Jetta,1985,1D7RW3GK4BS281750
Oldsmobile,Cutlass Supreme,1995,1HGCP2E37CA416683
Buick,Park Avenue,1994,1G4PR5SK3C4362946
BMW,325,2006,1G6DU57V790992559
Chevrolet,Suburban 2500,2007,WAUXD68D62A209881
Mitsubishi,Truck,1992,JN8AF5MV0FT047787
Lexus,SC,1992,JM1NC2EF4A0728590
Bentley,Continental GTC,2008,2G4WC582X91088900
Subaru,Impreza WRX,2010,2B3CL3CGXBH711087
Land Rover,Range Rover,2005,WAUEFBFL7BN703583
Pontiac,Grand Prix,1994,JN1CV6FE4AM284363
Mazda,Millenia,1996,1N6AA0CJ6FN050142
Audi,Cabriolet,1998,SCFBB04B77G847955
Infiniti,G,2012,3N1AB7AP6FL598189
Plymouth,Voyager,1994,WBABS33423P827008
BMW,7 Series,1997,1FAHP3E29CL976295
Chevrolet,Avalanche 2500,2003,1G6DP8E34C0005675
Nissan,300ZX,1993,JM1CW2BL7E0496033
Toyota,Solara,2001,JN8AE2KP6C9652718
Subaru,Outback,2006,1N6AA0CHXDN969247
BMW,X5,2005,3VW1K7AJ9CM159614
Ford,Mustang,2001,WP1AA2AP4AL171287
Nissan,Maxima,2002,3VWKP7AJ3CM272657
Mazda,MX-6,1994,1GD312CG1DF679743
GMC,Rally Wagon G3500,1996,1C3BCBFG4DN993385
Volkswagen,Cabriolet,1996,1GYFK66868R846932
Toyota,Corolla,1998,2C4RDGCG4ER280127
Dodge,Ram 50,1992,WAUVF98KX9A101503
MINI,Clubman,2009,WBAWL1C55AP352530
BMW,7 Series,1996,SAJWA6BU1F8763750
Mitsubishi,Mighty Max Macro,1992,WAUVF78K69A287013
Hyundai,Sonata,1996,3MZBM1L76EM056716
Buick,Rendezvous,2002,WAUUFAFH7AN285316
Lincoln,Mark LT,2008,WBAUT9C53BA894770
Porsche,Cayenne,2004,SCBZK25E62C092754
Nissan,Sentra,1998,WBAXH5C58CD214160
Lotus,Esprit,1993,WAUFGAFBXAN337118
BMW,650,2006,JH4CW2H52BC361768
Toyota,Tundra,2000,WAURFAFR5BA643729
Mitsubishi,Pajero,1999,WP0CA2A85AS071274
Mercury,Cougar,1985,KNAFZ6A33F5127202
Mercury,Tracer,1995,WDDNG7BB3BA196558
Mercedes-Benz,M-Class,2006,3N6CM0KN0DK593302
Lamborghini,Murciélago,2006,JH4CU2E63BC402640
BMW,545,2004,JTEBU5JR4A5732736
Ford,Mustang,2005,5NPDH4AE1DH335935
Daihatsu,Rocky,1992,1GYEK63N02R832540
Chevrolet,Silverado 3500,2008,YV1952AS2E1938517
Porsche,911,2002,YV4902DZ5D2230538
Mercedes-Benz,SL-Class,2005,WAUAFAFL4AN888330
Subaru,Forester,2000,1ZVBP8AM6C5318519
Oldsmobile,Ciera,1995,JTDJTUD31DD045390
Dodge,Ram,2009,5N1AA0NC7FN603121
Audi,RS 4,2008,SCBDC3ZA4DC095546
Mitsubishi,Montero Sport,2000,JN1BJ0HPXEM553622
Mitsubishi,Pajero,2002,JN1BY1AR0EM739411
Audi,Cabriolet,1995,1G6DP577170954735
Chevrolet,Caprice,1994,SCFFDAAM1DG942840
Mazda,Miata MX-5,2012,WAUKF98EX8A826031
Dodge,Ram 2500 Club,1996,WP1AA2A24EL598219
Ford,Ranger,2011,SCBGR3ZAXDC680451
Saab,9000,1995,2B3CK9CV0AH618484
Jeep,Grand Cherokee,2012,1GYS4CEF5DR172676
Ford,Bronco II,1986,JHMZF1D65ES724173
Dodge,D150 Club,1993,WBAVC93538K717689
BMW,M3,2005,WAUBH74F08N211400
Mercury,Milan,2010,WVGEF9BP7DD297894
Mitsubishi,Chariot,1993,WDDEJ7KB0CA826331
Volkswagen,Eurovan,1995,WAUDG74F66N930904
Lincoln,Town Car,1990,19UUA56943A607763
Toyota,Avalon,2009,1G6DF8E54D0999007
Ford,Econoline E250,2000,WBAKX6C54BC626891
Ford,Escort,2004,1FMEU3BE6AU991499
Lexus,IS F,2008,WAUEFAFL1CA183660
Volvo,S80,2010,WVGAV7AX7FW472448
Jaguar,XJ Series,1995,1C4SDHCT0DC216341
Chevrolet,Caprice Classic,1996,WA1WMAFE1DD010486
Dodge,Durango,2000,1HGCR2E37FA942083
Honda,Element,2005,1G4GC5GG4AF334144
Dodge,Intrepid,1995,WAUEH98E47A327845
Chrysler,Crossfire,2004,4T1BF3EK6AU714465
Hummer,H1,2006,WVWED7AJ7DW507555
Oldsmobile,98,1992,WAUBVAFBXAN546072
Mitsubishi,Starion,1988,3C6JR6CT8DG991380
BMW,M Roadster,2008,1GYEC63N85R412705
Maserati,Biturbo,1987,5J6TF1H38BL102738
GMC,3500,1994,1FMCU0F79FU803325
Mitsubishi,Eclipse,2000,1D7CW2GK7AS591549
Kia,Rio,2003,WAUAF78EX6A006934
Jeep,Compass,2012,WBAAZ33434K400698
Jeep,Cherokee,1996,WAUFEAFM3BA758548
Toyota,Previa,1994,WBA3K5C53EF255240
Ford,Expedition,2009,SCFAB42353K875856
Honda,Prelude,1994,WAUWGAFC7EN072253
GMC,3500,1994,ZFBCFADH3EZ429639
GMC,Yukon XL 2500,2001,5LMJJ2H52BE819135
Mercedes-Benz,GL-Class,2010,WBA3A9G57EN074703
Land Rover,Range Rover,2005,3C3CFFDR4CT473712
Mitsubishi,3000GT,1996,4T3BA3BBXDU172947
Plymouth,Laser,1989,1G6YX36D175759525
Nissan,Altima,1994,5GAKRAED2BJ366735
Mitsubishi,Expo LRV,1996,WAUXL58E94A336603
Audi,A4,2002,JTHFE2C26C2386516
Hyundai,Accent,2004,WAUSVAFA3AN154493
Geo,Metro,1994,WDDGF4HB6CA847815
Mazda,Mazda3,2010,1N6AF0LX0EN981062
Nissan,Maxima,2003,SCFAB02E29G492995
Porsche,911,2010,WAUKFBFL8EA185496
Lexus,LX,2000,2FMGK5BC9CB150438
GMC,Acadia,2009,TRUDD38J391467592
Ford,F-250 Super Duty,2006,1N6AA0CJ2EN944895
Honda,Accord,1986,WAUCFAFH0AN286982
Ford,Econoline E350,2000,WAUFGBFB2BN820402
Mazda,MX-5,1991,1G4PR5SK7D4059346
Audi,RS6,2003,WA1DGBFE2BD594821
Chevrolet,Impala,2004,1N6AA0EJ9FN984129
Ford,F250,2012,1G6AB5SA4F0836214
Volkswagen,Jetta,1991,JTDKTUD33DD755671
Dodge,Intrepid,1993,5FPYK1F45DB822417
BMW,X6 M,2013,3C63D3LL3CG565360
BMW,5 Series,2005,3D7TT2HT2BG289336
Mitsubishi,Eclipse,1997,1ZVBP8JZXE5472648
Lexus,LX,1996,JM1NC2PF9E0822211
Mazda,Millenia,2001,WBA3X9C56ED303656
Mercury,Cougar,1969,WAUSF78E66A534703
Chevrolet,3500,1998,TRUSC28N921543183
Subaru,Loyale,1991,1FT7W2A61EE484022
Mercury,Sable,2008,19VDE1F35EE980777
Toyota,Land Cruiser,2003,SALCT2BG7FH418729
Chevrolet,Express 3500,1998,WAUDFAFL2BN921825
Nissan,Pathfinder,2004,WBANB53577C358710
BMW,M6,2009,3D7TT2CT2BG926779
Nissan,350Z,2005,2HKRM3H36DH622851
BMW,1 Series,2008,WAUBF98E68A276892
Rolls-Royce,Phantom,2011,WAUNF78P98A121353
Chevrolet,G-Series 1500,1997,2G4GR5GX2E9282994
Porsche,Boxster,2010,1G6DW677450625498
Chrysler,Concorde,1995,1N4AB7AP1EN920058
Dodge,Ram 1500,2002,1D7RV1CT1BS179442
BMW,M5,2003,WAUAF78E56A896761
Toyota,TundraMax,2012,JH4KC1F92EC016393
Mazda,626,1994,WBANV93548C139414
Acura,RL,1998,WBANV9C55AC566865
Subaru,XT,1991,WAUKFAFL7DA279474
Aston Martin,V8 Vantage,2006,WAUKF78E85A607858
Honda,Accord Crosstour,2010,2C3CDXJG1DH993102
Chevrolet,Avalanche 1500,2004,2GKALMEK4C6448254
Infiniti,FX,2008,WAUPFAFM0AA244186
Lexus,SC,1997,3D7TP2CT4AG900929
Ford,E-Series,2012,WAUMF68P76A606920
Hyundai,Sonata,1993,WAUAF78E56A203428
Chevrolet,Avalanche 2500,2006,WAUSF78K89N128456
Chevrolet,Astro,1993,1G4GD5G30EF803049
Isuzu,i-290,2007,3VW217AU3FM106087
Ram,3500,2012,1FMEU2DE8AU676775
Audi,Coupe GT,1985,1VWAH7A35CC792127
Honda,CR-V,2010,2G4WE587281691263
Ford,F250,2002,1GYUCKEF2AR340596
Maserati,Biturbo,1985,WAUKH98EX8A745282
Lincoln,Town Car,2002,YV1672MC5CJ860877
Mazda,626,1988,KNDMB5C1XF6705942
Audi,Allroad,2003,1FTEW1C87AK346108
Mercedes-Benz,CLS-Class,2007,WAUFGAFC8FN172573
Volkswagen,Jetta,1991,1N6AA0EC4FN185070
Mazda,Mazda6,2009,1G4GA5EC3BF033291
Toyota,T100 Xtra,1995,5GAKVBKD1DJ124768
Lexus,LS,1997,SCFFDCCD8BG243808
Chevrolet,Aveo,2011,1FTEX1CM7DK991307
Chevrolet,Silverado 2500,2002,WAUWGAFC1EN614799
Pontiac,LeMans,1993,SAJWA0FA4AH758578
Chevrolet,Cobalt,2010,WAUXU64B83N334797
Mazda,Mazdaspeed6,2007,1FMCU9C7XAK509462
Dodge,Grand Caravan,2004,2FMGK5B87DB059133
Mercedes-Benz,E-Class,1995,JN1AZ4EH3FM849673
Dodge,Ram Van B350,1992,JTHBW1GG8E1458675
Jeep,Grand Cherokee,2000,WA1LFAFP3EA295015
Mazda,MX-5,1998,WAU4GBFB6BN730421
Pontiac,Tempest,1967,JTJHY7AX1A4069383
Dodge,Ram 2500 Club,1995,WBADT43411G705426
Infiniti,FX,2007,WBALL5C51EE080893
Plymouth,Reliant,1981,3MZBM1U79EM636895
BMW,5 Series,1994,1D7RW3BK4AS676694
Ford,Tempo,1984,2G61S5S38F9105485
Ford,E150,2006,WBANE73577B431714
Volvo,C70,2001,WAUEL94FX5N067759
Infiniti,Q,2001,WDCGG5GB1BF720741
Toyota,Camry,2006,5FNYF3H21BB936173
Audi,A3,2009,5N1AA0NE9EN136283
Honda,S2000,2001,1N6AD0CU2FN144410
Audi,A3,2008,1FTWF3D58AE517256
Cadillac,CTS,2011,WAUKFAFL9BN664640
Chevrolet,Caprice,1995,2B3CL3CG9BH607187
Lotus,Esprit,2001,WUARL48H15K535076
Buick,Rendezvous,2006,2G4GP5EX7F9261701
BMW,1 Series,2012,JN1CV6EK3CM603987
Volkswagen,CC,2010,WBAVC53517A907522
Nissan,Frontier,2010,YV1612FHXE1908208
Ford,Crown Victoria,1999,WAUVT58E45A500476
BMW,M5,2007,TRUDD38J491873204
Alfa Romeo,164,1992,1G6KS54YX1U453572
Acura,RSX,2006,JTEBU5JRXD5658890
Chevrolet,Cobalt SS,2007,2FMDK4GC2AB260976
Chevrolet,Lumina,2001,WBAWC33518P941340
BMW,645,2004,3C4PDCGB9ET339801
Mazda,CX-7,2010,1FBSS3BL6AD025962
Dodge,Ramcharger,1993,WAUGVAFR4BA657132
Nissan,300ZX,1994,WAUXD68D22A692348
Volvo,V70,2005,4T1BF1FK7EU885234
Land Rover,Freelander,2008,2G61T5S33F9437797
GMC,Yukon XL 1500,2009,YV126MFB4F2057798
Dodge,Dakota,2008,JN1BJ0HR6DM728495
Subaru,Tribeca,2010,1G4GD5EGXAF575819
Land Rover,Range Rover,2008,1C3CDZEG1CN491847
Mitsubishi,Pajero,1994,1G6DV5EPXA0150109
Volvo,S40,2005,1C6RD7KP3CS197308
Mercury,Cougar,1986,1G6DC1E31E0452647
Aston Martin,DBS,2010,SCBCP73W18C476594
GMC,2500,1998,2C3CCAAG2FH884036
Pontiac,Bonneville,1988,1J4PN2GK4AW134246
Nissan,Versa,2009,KNAGM4AD9D5698741
Volkswagen,Scirocco,1986,KNAFU6A25A5175475
Dodge,Stratus,2005,WAUSF78EX7A005319
Mercedes-Benz,600SEC,1993,3VW507AT4EM986223
Ford,E150,2008,5N1AR2MM5FC391359
Hyundai,Santa Fe,2009,JH4CL96836C941941
Porsche,944,1984,1C6RD7MT6CS779851
Dodge,Ram Van 2500,1995,3D7JV1EP3BG099161
Dodge,Ram Van 2500,2001,SAJWA4FC5EM545015
Pontiac,Grand Prix,1973,JTHFF2C24D2285697
Acura,TSX,2006,4T3BA3BB5CU827675
Dodge,Spirit,1992,WBABN53432P944274
Honda,Fit,2011,3N1CN7AP8EL459132
Ford,F150,1999,1FMJK1G55BE222828
Mercedes-Benz,CLK-Class,2006,WAUNF98P56A629652
Chevrolet,Tahoe,2011,3VW517AT3FM564586
Acura,RL,2011,1FTEW1C84FK294878
Audi,A6,2012,WBAYM9C55ED035312
Dodge,Ram Van 2500,2003,JN8AE2KP4E9656141
Volkswagen,Type 2,1987,WBAUP9C50DV400137
BMW,X5,2012,1N6BF0KM0FN694317
Hyundai,Santa Fe,2010,5J6TF1H38FL298766
Mitsubishi,Pajero,1996,3C4PDCBB0ET596580
Chevrolet,Tahoe,1996,JTEBU4BF9BK903319
Buick,Regal,2004,1G6DG5EY1B0705498
Mitsubishi,Lancer,2010,WBSVA93598E609576
Nissan,Pathfinder,2005,1N6BF0KL8FN791028
Volkswagen,Passat,1992,WBAYE8C51ED309838
GMC,Savana 2500,2010,WAUEF98E98A612595
Buick,Regal,2003,1GKKRNED6EJ712719
Chevrolet,Avalanche 1500,2003,WAUSF78K29A235977
Ford,Fusion,2006,WAUKG94F66N744167
Ford,Escape,2007,5GNRNGEE5A8215544
Pontiac,G5,2009,WBA3X9C52FD383703
Chevrolet,1500,1998,1G4HR54K834684404
Hyundai,Elantra,1996,KMHHT6KD1DU995296
BMW,5 Series,2002,SCFAD02AX5G327827
Suzuki,XL-7,2006,19UUA65596A417966
Chevrolet,Traverse,2011,19UYA41753A528202
Subaru,Outback,2008,1G6AL5S33E0224860
Dodge,Viper,2009,JTHKD5BH3F2333088
Ford,Ranger,2002,1FA6P0G75E5733508
Toyota,Celica,1997,KMHGN4JE8FU703702
Subaru,Brat,1986,3VW507AT6FM890210
Mitsubishi,Challenger,2001,2HNYD18856H704720
Audi,Cabriolet,1995,1GT01XEG4FZ209659
Mitsubishi,Eclipse,2005,1FTMF1CW0AF776663
Ferrari,458 Italia,2012,WBAPK5C5XBA274894
Buick,Rainier,2007,1G6DU6EV2A0098451
Ram,1500,2012,3C4PDCDG8CT769090
Infiniti,Q,2005,1G4HP57M69U165945
Ford,Focus,2013,WBXPC934X9W107367
Mitsubishi,3000GT,1996,19UUB2F50FA684126
Ford,F250,1997,WBAUL73528V629179
Hyundai,Tiburon,2009,2C3CDZBT9FH990409
Mitsubishi,Truck,1990,3N1CE2CP4FL655277
Nissan,Frontier,2012,5N1BA0NC2FN437367
Land Rover,Discovery Series II,1999,3FADP0L33CR021129
Geo,Prizm,1996,WBALW3C50DC385100
Toyota,Camry Hybrid,2007,WAUFEAFM2CA365402
Suzuki,Kizashi,2010,WAUVT54B14N331052
Chevrolet,Express 2500,1999,JTEBU4BF1CK194242
Mercury,Sable,1990,5UXZV4C50CL401461
Ford,Expedition,2012,JH4KA96534C404183
Toyota,MR2,1994,JH4CU2F44DC707659
Ford,F250,2006,5FRYD4H6XEB816602
Chevrolet,Express 3500,2006,WAUMF98P26A624355
Toyota,Land Cruiser,1992,1FTEW1CM1CF818828
Mitsubishi,Mighty Max,1993,WAUBFAFL4DN108108
Infiniti,G,2000,5GAKRCED4CJ919379
Lexus,RX,2005,3VW517AT7FM796253
Mitsubishi,Challenger,2001,WAUAFAFL3EA627218
Mitsubishi,Truck,1986,WA1YD54B43N068111
Chevrolet,G-Series 2500,1998,TRUSC28NX11706812
Volvo,940,1993,WVWED7AJ6AW359135
GMC,Yukon,2000,5N1AL0MM4EC682679
Toyota,4Runner,2012,3LNHL2GC6AR030137
Ford,Explorer,2009,WAUVT58E02A257406
Chevrolet,Uplander,2005,JH4KC1F59EC464112
Mercedes-Benz,M-Class,2001,WAURV78T79A399543
Mazda,MX-3,1996,KNAFU6A28A5865995
Mercury,Sable,2008,WA1WMBFE6AD012316
Isuzu,i-Series,2008,WDDEJ8GB8AA932571
Mitsubishi,RVR,1994,3VW1K7AJ4FM552361
Kia,Optima,2004,WA1EY74L29D345705
Honda,Civic,2008,3VWJX7AJ1AM421043
Oldsmobile,88,1996,1B3CB4HA1AD853126
Honda,Pilot,2002,1G6AD5S34E0081320
Bentley,Continental GT,2009,SALGS2TF0FA046542
Chevrolet,Venture,1997,2B3CL5CT6BH588798
Hyundai,Accent,1997,1C3CDFAA5ED239690
Mercury,Grand Marquis,2007,2B3CJ5DT0AH440276
Mercury,Capri,1994,5N1AT2ML7EC539373
Smart,Fortwo,2008,WBA5M4C56FD896117
Nissan,Altima,2010,JTDKN3DU0F0982985
Toyota,Camry,2000,1VWAP7A35EC427940
Land Rover,Discovery,1998,5GAKRAED2BJ063437
Dodge,Ram 3500,2003,3C6TD4MT9CG897503
Chrysler,300,2005,WBAVA33598P015169
Ford,F150,2003,SCFFDAAE1BG717646
Mitsubishi,Mighty Max,1992,1G4HK5ES3BU074864
Mitsubishi,Outlander,2003,KL4CJFSB4FB580078
Volkswagen,rio,1996,WBADX7C57DJ557045
Dodge,Ram Van 2500,1999,1D4PU6GX3BW600586
Infiniti,EX,2010,WBA3B5C50DJ257670
GMC,Safari,2000,KMHTC6AD1DU670420
Porsche,911,2011,1C4AJWAG7FL736859
Mitsubishi,GTO,1999,JN8AF5MR2BT004758
Honda,Insight,2006,WAUAF68E55A244618
Dodge,Ram 3500,2002,4T1BF3EK2AU944410
Holden,VS Commodore,1997,WAUAC48H64K135164
Alfa Romeo,164,1994,WVGAV7AX3CW839700
Audi,Q5,2009,3C4PDDDG9CT686953
Ford,Windstar,2003,1G6AJ5SX6E0771064
BMW,3 Series,1999,1FTEW1CW7AF531282
Ford,Taurus,1986,WBA3C1G55EN482368
Chevrolet,Silverado 1500,2012,1FMEU2DE7AU119159
Mazda,MX-6,1989,2C4JRGAG9ER158400
Lexus,SC,1999,1G4GA5GR4DF122730
Land Rover,Discovery,2011,1FMEU7DE4AU049455
Suzuki,Daewoo Magnus,2006,1C3BC5ED3AN689002
Honda,Fit,2011,WA1AY74L79D627658
Honda,Odyssey,2008,1HGCR6F30EA761881
Nissan,370Z,2010,WBAKE5C57BE860513
BMW,Z3,2001,3GYFNEE3XDS137225
Ford,Mustang,2001,WBAEB53549C059694
Mitsubishi,Mighty Max,1993,WAUVKAFR5AA921456
Acura,SLX,1997,SAJWA4DB3DL332143
Suzuki,Swift,1997,WAUPEBFM5CA285134
Ford,Taurus,2007,WAUSFAFL4AA475190
Volkswagen,Golf,1984,1FTEX1C89AF364647
Mercedes-Benz,SL-Class,2003,1GD312CG8CF886032
Audi,Cabriolet,1994,19XFB2F51EE420934
Ford,Mustang,1964,WAUDFAFCXDN356274
Jeep,Grand Cherokee,2005,WA1EV94L57D963618
Nissan,Altima,2004,WA1LFBFP0CA057965
GMC,Jimmy,1992,WAU4FAFL0AA582410
Bentley,Brooklands,2010,3C6TD5KT4CG519839
Bentley,Continental,2006,1G4HE5EM5AU671764
Honda,Accord,1986,WBAUC9C50CV874907
Ford,Crown Victoria,2002,WA1LGAFE2ED563384
Subaru,SVX,1997,WAUVT58EX2A203059
Chevrolet,Express 2500,2001,1N6BF0KX1FN499675
Mercedes-Benz,190E,1993,WAUBGAFB1BN090121
Mitsubishi,Galant,2009,1FMJK1F59AE902179
Mitsubishi,Montero,1999,1G6DJ8EV1A0094718
Jeep,Grand Cherokee,2005,3LNHL2GC4AR167965
Mitsubishi,Galant,2007,3N1AB7AP8FL238681
Hyundai,Accent,1996,WAUJC68E54A691697
Ferrari,430 Scuderia,2008,1G4GA5EC8AF747626
Chevrolet,Volt,2011,JTJHY7AX6E4997812
Bentley,Continental Super,2011,WA1AY94L97D259993
Ford,E-Series,1996,JA32X2HU9DU624769
Chevrolet,Silverado,1999,WAUMGBFL6CA239879
Ford,E250,2003,YV4852CZ4B1424947
Ferrari,599 GTB Fiorano,2008,WBA3N5C5XEK432378
Hyundai,Sonata,2004,WUAGL78E06A158181
Buick,Hearse,1996,2T1BURHE9EC788792
Pontiac,Firebird,1994,1GYS4KEF9ER861213
Volvo,C70,1998,SCBDC47L67C019535
Chrysler,Voyager,2000,KMHTC6AD8FU464093
Chrysler,300,2008,4A4AP3AU5DE525012
Maybach,57,2008,19UUA656X4A339624
Honda,Civic Si,2006,WBADS434X1G818830
Ford,F150,2004,1G4HP54K134053841
Lexus,GX,2011,WVWED7AJ6AW052760
Dodge,Grand Caravan,2007,JN1AY1AP2DM133522
Volkswagen,Eurovan,2000,YV4902BZXC1436607
BMW,1 Series,2011,1GYFK26249R067566
Mercedes-Benz,R-Class,2008,3D7TP2CT6BG262426
Mercedes-Benz,CLK-Class,2007,ZFBCFABH0FZ860931
Plymouth,Voyager,2000,4USCK73422L378492
Audi,S4,2005,WA1CGAFP3FA445347
Ford,F150,2012,1N4AL2AP4BN172546
Chevrolet,2500,1993,WAUDFAFC8EN291426
Lexus,ES,2003,1G6KD57YX6U984901
GMC,Savana 3500,2005,WAUDK78T68A916624
Saturn,VUE,2002,JM3TB2BV0E0337763
Chevrolet,Corvette,1993,3GYFNDE35ES688450
Ford,Windstar,2002,WAUA2AFD1EN626582
Ford,Expedition EL,2007,WBAGN83403D767841
Lexus,GS,2009,1D4PU4GK8AW736557
Infiniti,QX56,2011,1GYS3DEF2ER248347
Toyota,Camry,1995,19UUA56612A931452
BMW,M,2000,1GYEE637970345681
Volkswagen,Eurovan,2001,JN8CS1MU5EM532682
Lexus,RX,2008,1FMJU1G52AE717870
Pontiac,LeMans,1968,3VW517AT9EM585800
Lexus,RX,2008,WAUKH98E78A925108
Cadillac,XLR,2006,JHMZE2H5XDS308922
Jeep,Patriot,2012,KMHFC4DD8AA260739
Plymouth,Sundance,1992,WP0AA2A91FS610139
Lincoln,Town Car,1991,WBA3D5C52FK082765
Ford,Ranger,2002,1G6AV5S8XE0246666
Chevrolet,3500,1997,WAUUL98E37A967927
Isuzu,Ascender,2003,WBAEP33414P901471
Honda,S2000,2000,WBAEP33493P494577
Mazda,Mazda2,2012,2FMGK5B84EB003278
Ford,Excursion,2000,3D7TP2CT3BG521874
Plymouth,Neon,1998,WA1VMBFE1AD583238
Audi,A6,2006,WAUJC68E53A037037
Geo,Metro,1993,3C3CFFDR7DT462852
Pontiac,GTO,1969,WVWAA7AJ1BW135456
Dodge,Ram Van 3500,2000,WBAPH77599N193912
Acura,NSX,2005,3D73M4EL2BG834383
Ford,Crown Victoria,2009,WA1WMBFE4CD287542
Toyota,Cressida,1992,1FTEX1CM0BK420755
Hummer,H1,2003,KL4CJCSB2DB072820
Chevrolet,Express 3500,2005,WAUEF98E88A066260
Chevrolet,3500,1993,5UXXW5C53F0502431
Dodge,Dakota,2005,3D4PH6FV6AT646549
Ford,Aerostar,1990,1GKS1AKC5FR198215
Toyota,Tacoma,2000,1G6D25ED8B0440607
Porsche,Boxster,2006,3C63D3EL3CG803589
Mercedes-Benz,E-Class,2005,KNADM4A34D6471185
GMC,Sierra 3500,2000,JH4CU26689C090520
Chevrolet,Suburban 2500,2007,5J8TB4H58FL555768
Pontiac,Grand Am,2005,3MZBM1K76FM332413
Toyota,Corolla,2010,WBSWD93598P227483
Lexus,GX,2004,2C4RDGCG5FR673748
Kia,Sephia,1999,5N1AN0NW1FN471844
Toyota,Avalon,1998,1GYEE437290316403
Ford,Probe,1989,3C63DPNLXCG830893
Isuzu,Hombre Space,2000,4T3BA3BB6AU036603
Subaru,Leone,1985,SCFFDCCDXAG214891
Plymouth,Laser,1991,WAUXU64B32N130083
Saab,3-Sep,2001,5N1AN0NU1CN332758
Ford,Econoline E250,1998,3D7JV1EPXAG706025
Mitsubishi,Mighty Max Macro,1993,WAU4GBFB4BN769346
Volvo,V70,1999,WAULC58E15A466407
Hyundai,Elantra,1993,WAUDL74F15N141568
Cadillac,Escalade EXT,2010,SALGS2TF1FA069621
Ford,F250,2011,1FTDS3EL5AD386468
Mitsubishi,Excel,1987,WBAEP33443P678695
Ford,Bronco,1995,JN8BS1MW6DM270246
Lexus,GS,2004,3CZRE3H31BG781905
Suzuki,Equator,2011,WBAEH13507C991654
Ford,Flex,2010,3D73M4CL3BG309402
Jeep,Cherokee,1992,WUARL48H86K953457
Volvo,S80,2001,1C6RD6FP5CS891034
Plymouth,Neon,1997,2HNYD2H25CH099370
Toyota,Corolla,2005,1FTMF1EW3AK541842
Mitsubishi,Galant,1987,WAUSGCFC2CN018835
Chevrolet,Bel Air,1967,1C4NJPBA0FD958459
Pontiac,Montana,2001,2T2BK1BA7BC037209
Volkswagen,Golf,1994,3N1BC1AP2BL033964
Pontiac,Grand Prix,1967,5GAKRDKD1DJ154238
Pontiac,Montana,2000,WAU4FAFR3DA853128
Nissan,Armada,2012,WVWAN7AN1EE716800
Ford,Escort,2002,2T1BU4EE3CC164068
Plymouth,Colt,1993,1N6AA0EKXFN951844
Lincoln,Town Car,2011,WAUBFBFL8AN616888
Mazda,Tribute,2010,1G6DK8E33D0667697
Volvo,S60,2012,1C4AJWAG2FL322923
Ford,F150,2001,2C3CCAGG6CH215349
Chrysler,Sebring,1999,1G6DZ67AX90473753
GMC,Envoy,2005,WBAVL1C5XDV987111
Cadillac,Eldorado,1997,1GYFK56279R149308
Toyota,MR2,1993,WBAUC9C51DV416486
Lexus,LS Hybrid,2012,3N1AB6APXCL522934
Mazda,B-Series,2007,SCFEBBCF9CG939088
GMC,Savana 2500,1999,JN8AZ2KRXET238434
Mitsubishi,Chariot,1989,1G6DZ67A890610219
MG,MGB,1977,2C3CCABG7CH267774
Scion,iQ,2012,4T1BF1FK4CU675767
Porsche,911,2000,JM1DE1KY0E0429416
Chrysler,Concorde,2001,WBANW13598C910707
Mazda,MX-5,2006,WDDUG7JB9FA140112
Mitsubishi,Galant,1986,1GKS2FEJ2CR868223
Ford,Tempo,1990,1GYFK638X7R114421
Dodge,Charger,2012,SALAB2D43DA057664
Nissan,300ZX,1996,WAUNF98P98A303775
Saab,3-Sep,2012,2T1BU4EE3CC726535
Infiniti,G,2004,JA32X2HU8CU972903
GMC,Canyon,2007,3C6TD5ET3CG282272
Volkswagen,Corrado,1990,WAUEH78E97A466079
Lexus,IS-F,2009,3GYFNEEY5BS223390
Honda,Odyssey,1995,1VWAS7A39FC114289
Jeep,Wrangler,1994,19UUB3F57FA448157
Ford,GT500,2008,SALAG2V60EA916292
Subaru,B9 Tribeca,2006,3GYFNKE43AS922964
Cadillac,Escalade,2000,WAUDF78E68A247048
GMC,Sierra 1500,2007,KM8JT3AB2CU570488
Chevrolet,Monte Carlo,2002,3N1CN7AP2EK603828
Nissan,Maxima,1990,WAUDH98E68A006757
Chevrolet,Caprice Classic,1994,JN1CV6FE5DM318069
Oldsmobile,Custom Cruiser,1992,WAUML54B54N680744
Pontiac,Grand Prix Turbo,1990,2C3CCAGG2EH463441
Audi,5000S,1986,JTDKTUD36DD869602
Land Rover,LR2,2008,WBA3X9C52ED639563
Volkswagen,rio,2002,1YVHZ8BHXA5756363
Chevrolet,Suburban,2008,1FTSX2A50AE204728
Chevrolet,Beretta,1992,WBABS33472J964107
Ford,F350,2002,3N1CN7AP8EK232173
Jeep,Wrangler,2004,WAULK98K79N366584
Chevrolet,TrailBlazer,2007,1LNHL9EK2FG884298
BMW,3 Series,2000,WBAFU7C59BD598077
Dodge,Dakota,2003,JN1AZ4FH8FM474166
Audi,Cabriolet,1995,2HNYB1H43CH876677
Saab,5-Sep,2003,WVWBB7AJ0DW981100
Ford,Expedition,2006,WBAYF8C58FD246770
Chevrolet,3500,1996,SCFFDCCD8CG685747
BMW,X3,2011,1C3CC5FB3AN479078
Saab,9000,1998,4JGBF2FE6BA609804
Pontiac,Vibe,2006,5GNRNGEE2A8111223
Dodge,Ram Van 1500,1997,4JGCB2FE5BA968139
Toyota,Paseo,1995,3D7TP2CT4AG654173
Volkswagen,Eos,2009,KMHCT4AE2EU085652
Isuzu,Rodeo,1994,WA1LMAFE4CD607939
Lincoln,Town Car,2007,1G6YV36A475541686
Maserati,GranTurismo,2011,TRUUT28N511730220
GMC,Canyon,2006,WBAFU9C58DD306272
Buick,Special,1962,1FTMF1CWXAF833239
Nissan,Pathfinder,2007,3C6JD7EP4CG975681
Nissan,Sentra,1997,WBANF33536B010027
GMC,Suburban 2500,1993,KM8NU4CC9AU252780
Land Rover,Defender Ice Edition,2010,SCBZK22E12C042428
BMW,X5,2010,19XFB4F23EE325387
Cadillac,SRX,2007,JH4CL96944C665629
Ford,Festiva,1991,1GYS3DEF4BR578129
Mazda,Mazda3,2010,1N6AA0CH2DN570901
Infiniti,FX,2006,5FRYD4H22EB752567
Chevrolet,Caprice Classic,1994,1D4PT6GX9AW169155
Land Rover,Defender 110,1993,KNDMG4C73B6564951
Ford,Crown Victoria,2005,2CTALMEC5B6540819
Audi,A5,2012,5FPYK1F55EB816675
BMW,M5,2008,SCFFDEDN3CG162817
Subaru,XT,1991,WAULF78K69N373597
Audi,A6,2000,WAULFAFR1DA088044
Mazda,929,1995,ZHWGU5AU3CL663395
Acura,RL,2003,2C3CDZFJ1FH985536
Dodge,Grand Caravan,2012,KNAGN4AD6F5037278
Ford,E250,2012,2FMDK3AK9CB921402
Toyota,Highlander,2001,1G6AA5RX4D0450936
Mazda,626,1994,JH4NA21634S845015
Cadillac,DeVille,1993,WBASP4C55CC915364
Chevrolet,3500,1993,WBAUP9C55BV294989
Chevrolet,1500,1993,JM1NC2PF5F0792092
Eagle,Talon,1994,WAUCFAFR4BA611263
Pontiac,6000,1988,WAUDFAFCXEN740654
Ford,Focus ST,2013,WBA3V9C53FP894793
Ford,GT,2005,1G4GC5GC1BF086532
Panoz,Esperante,2005,JN1CV6FE7CM480364
Audi,A4,2005,5UXZV4C57BL522373
Audi,S6,2003,JN8AF5MR7DT661669
Mercury,Sable,1998,1G6AF5S3XD0938412
Subaru,Loyale,1990,WA1C8AFP6DA186752
Ram,Dakota,2011,WA1YD54B82N494317
Audi,Allroad,2005,WBA6B2C58FD882850
Chevrolet,Tahoe,2012,1C3CDFDH0ED632599
Lincoln,MKZ,2009,WA1CV94L19D351877
GMC,Savana 3500,2001,19UYA42411A852037
Volvo,V50,2006,WAUXD68D21A631192
Chevrolet,1500,1996,JN8AF5MR5CT314453
Ford,ZX2,2002,SCFEBBCFXCG881248
Pontiac,Grand Prix,1979,WAUPL58E94A088529
Ford,Taurus,1988,WA1CGAFE5DD689141
Bentley,Azure,2009,WAUGVAFR9CA308114
Buick,Regal,1997,3D7TT2CT6AG713672
Ford,F150,1995,5N1AZ2MH3FN807691
Ford,Probe,1993,JH4CU2F47CC801663
Chevrolet,Tahoe,2005,YV4852CZ7B1915092
Kia,Spectra,2001,ML32A3HJ0EH500935
Chevrolet,HHR,2008,WAUKF78E35A774032
Cadillac,Escalade ESV,2011,1GYUCKEFXAR123894
Ford,Escort,1999,SCFAB02EX9G103343
Dodge,Ram Van B250,1993,1FTEX1EW1AF560383
Toyota,T100,1994,1G4HD5EM5AU368695
Lamborghini,Gallardo,2005,WBAEV53473K091888
Oldsmobile,Alero,2004,5J8TB3H56GL475901
Nissan,Cube,2009,3D4PH1FG3BT870741
Isuzu,Axiom,2002,WAUFEAFM5BA712056
Mercedes-Benz,M-Class,2009,WDDJK6FA6FF912662
Lotus,Elan,1994,3VWJP7AT5CM972225
Buick,Regal,1992,3VW217AU7FM881301
Mazda,MPV,1991,3GTU2YEJ6DG164902
Mitsubishi,Lancer,2005,1GYS3CEF3BR867528
Buick,Riviera,1979,3GYFK52299G988382
Saturn,S-Series,1995,2D4RN5D18AR997123
Volkswagen,Passat,1997,KNADM4A32D6328428
Infiniti,Q,2006,1N6AA0CC4EN932667
Lexus,ES,2005,WBALL5C53CE286830
Ford,Ranger,2006,KMHCT4AE9EU318491
Volkswagen,GTI,1989,1G4GA5GR6CF383193
Mercury,Cougar,1987,1C3CDFBA8DD698659
Jeep,Grand Cherokee,1998,1G6DM57T660967050
Lamborghini,Gallardo,2005,JTDKN3DP3E3771920
Oldsmobile,Aurora,1998,WA1BY74LX9D129782
Mazda,CX-9,2011,5UXKR0C58E0314118
Toyota,Tacoma Xtra,2004,JH4KB16577C969345
Subaru,Legacy,2002,2B3CK2CV5AH713419
Kia,Rio,2003,YV4902BZXB1691675
Toyota,Highlander,2009,WAUEL94F25N968043
Lexus,ES,1989,WAUTFAFH3AN525912
Suzuki,Vitara,2002,JN8AF5MRXDT522202
GMC,Sierra 2500HD,2006,JTDBT4K3XCL872218
Volkswagen,Jetta,2010,1N6AA0CC9BN369983
Cadillac,Escalade EXT,2005,WA1LMAFE3CD377567
BMW,M3,2011,3C6TD5JT9CG523001
Porsche,944,1988,1GKS1EEF6CR484454
Mitsubishi,Galant,2002,WAUGL68E65A234165
Audi,A4,2003,2C3CDXJG5EH027420
Infiniti,G37,2011,5XXGM4A76FG548758
Jeep,Patriot,2011,WAUNG74F49N410399
Ford,Fusion,2010,WA1VGAFPXFA275500
Nissan,240SX,1997,WBAPK7G53BN090380
Volvo,V70,2007,1G4GB5GR3EF720760
Aptera,Type-1h,2010,WVWAP7AN8EE505328
Mercedes-Benz,M-Class,2012,WBA3X5C53ED676467
Jaguar,X-Type,2006,KNADH4A33A6459030
Ford,Mustang,2005,KL4CJBSB5DB456939
Hyundai,Elantra,1992,1G6AE5SX6E0163825
Lincoln,Town Car,1987,JHMZF1C61DS978852
Ford,Crown Victoria,2006,WVWAN7AN1EE171200
Jaguar,X-Type,2002,1G4GB5ER7CF378472
Chrysler,Cirrus,1995,WAUKH78E17A303560
Lexus,SC,1997,1G6DS8EV9A0267026
Lincoln,LS,2006,1GTN1TEX3DZ663557
Chevrolet,Blazer,1998,WP0AB2A81CU844527
Volkswagen,Passat,1988,JN8AE2KP4C9906328
Land Rover,Discovery Series II,1999,5UXWX7C55DL790677
Mazda,RX-7,1989,1G6KD57966U164467
Dodge,Ram 2500,2000,WAUDFAFCXEN668225
Ford,Crown Victoria,1998,5J6TF1H51EL434347
Mitsubishi,Tredia,1984,SCFFDABM4EG752143
Mercury,Tracer,1998,1G4GA5GR6EF804624
Mitsubishi,Pajero,1985,WBA3D3C50FK449327
Maybach,57,2003,WBANE53517C290234
Honda,Accord,1993,5TDDCRFH1ES875747
Kia,Sportage,1999,WAU3FAFR9DA284863
Volkswagen,Jetta,1988,SCBBR9ZAXBC498985
Mercedes-Benz,W201,1991,SALFR2BN7BH794500
Nissan,Pathfinder,1997,WBAVL1C58EV386944
Kia,Sedona,2012,YV1382MW3A2316055
GMC,1500,1992,1D7CE3GK7AS847102
Infiniti,G25,2011,2C4RDGEG3DR772160
Buick,Hearse,1996,YV4952CF1E1551735
BMW,530,2005,SALGR2VF4EA281310
Chevrolet,Astro,2003,WAUBFAFL8CA581841
Audi,A3,2006,2T1KE4EE9CC416595
Nissan,350Z,2008,1G6DC1E35D0881725
Ford,Transit Connect,2012,3VW517AT4FM012157
Jeep,Patriot,2009,WBASN4C5XAC211731
GMC,Sierra 2500,1999,VNKKTUD39FA544907
Suzuki,Samurai,1993,JN8AE2KP4D9779453
GMC,Savana 1500,2008,WBASP4C58CC552946
BMW,X5 M,2011,WAUAF48H69K767676
Ford,F150,1992,WAUDT48H14K841990
Subaru,Forester,2012,JH4CL96997C191777
Toyota,Corolla,2008,4T1BK1EB9EU353271
Cadillac,STS,2011,4T1BF3EK5BU643292
Ford,LTD Crown Victoria,1987,5UXWY3C52F0598997
Honda,Pilot,2011,SCFBB04B88G275876
Ford,E-Series,2001,WBANE73597C636588
BMW,X5,2007,1FTFW1E86AF695335
Ford,Econoline E350,1998,1GD311CG5FF849552
GMC,Jimmy,2000,3N1CN7AP7EL766484
Ford,F350,2000,WBAYF8C57FD362493
Pontiac,Grand Prix,1987,3C63DRLL5CG734202
Bentley,Continental,2007,WBAVB73547P386565
Ford,Thunderbird,1972,1FTEX1C88AF114624
GMC,Jimmy,2000,5UXKR6C52E0594556
Ford,Mustang,1968,2V4RW3D11AR209125
Pontiac,GTO,1968,JN1CV6FE9AM831465
Toyota,Highlander,2003,SCFAD22353K529434
Pontiac,Grand Prix,1979,2T3BF4DV0CW082462
Volvo,V50,2007,WBAYM1C58DD427765
Chevrolet,Express 1500,2007,3D7JB1EP6AG826364
Toyota,Corolla,2001,WA1CM94L99D195607
Audi,RS4,2007,3N1CN7AP9EL027598
Plymouth,Voyager,1999,5J8TB4H51GL887228
Jeep,Grand Cherokee,2003,1G6DF8EG2A0109729
GMC,2500 Club Coupe,1993,1FTEW1CM9EK968485
Ford,C-MAX Hybrid,2013,2HNYD18622H894971
Honda,Civic,2004,JN1AZ4EH7DM901772
Isuzu,Amigo,1992,1G4PS5SKXF4474443
Infiniti,Q,2002,1G6AW5SXXE0532747
Honda,Prelude,1995,5GAKVCED9BJ638446
Dodge,Ram 3500,1994,YV1672MK5D2241358
Mazda,MX-6,1989,WVGEP9BP7FD657407
Buick,Park Avenue,2003,WBA3B3C58DF262445
Saab,5-Sep,2002,JTEBU5JR8C5156524
